pid,name,max
257,A/T/S,38
113,Abilify,94
193,Abitrexate,248
190,Abstral,19
162,Acanya,27
10,Accuneb,42
180,Accupril,8
9,Accuretic,45
7,Acetaminophen And Hydrocodone Bitartrate,4
230,Acetaminophen; Butalbital,2
7,Acetaminophen; Hydrocodone Bitartrate,4
108,Acticlate,13
190,Actiq,19
58,Activella,90
274,Actonel,45
2,Actoplus Met,21
112,Actos,82
253,Acular,17
253,Acuvail,17
149,Acyclovir,23
104,Adalat,38
233,Adalimumab,138
273,Adcirca,77
49,Adderall,24
161,Adipex-P,14
281,Adrenaclick,21
281,Adrenalin,21
18,Advair,291
187,Advil Pm,12
49,Adzenys Xr-Odt,24
104,Afeditab Cr,38
58,Afirmelle,90
17,Afrezza,16
271,Aggrenox,14
18,Airduo Respiclick,291
257,Akne-Mycin,38
201,Akten,20
257,Aktipak,38
70,Alavert,61
10,Albuterol,42
144,Albuterol Sulfate And Ipratropium Bromide,21
182,Albuterol Sulfate; Ipratropium Bromide,65
9,Aldactazide,45
74,Aldactone,11
9,Aldoril,45
84,Alendronate Sodium,20
58,Alesse,90
187,Aleve Pm,12
7,Allay,4
146,Allernaze,20
57,Allopurinol,19
230,Allzital,2
57,Aloprim,19
58,Alora,90
201,Alphacaine,20
131,Alphadrol,62
154,Alphagan,31
21,Alprazolam,28
128,Alsuma,39
92,Altace,19
58,Altavera,90
59,Altoprev,6
54,Alyacen,8
58,Amabelz,90
60,Amaryl,40
187,Ambenyl,12
35,Ambien,4
187,Ambodryl,12
209,Amen,7
131,A-Methapred,62
168,Amiodarone Hydrochloride,1
71,Amitid,3
71,Amitril,3
71,Amitriptyline,3
233,Amjevita,138
8,Amlodipine Besylate,9
125,Amlodipine Besylate And Benazepril Hydrochloride,2
125,Amlodipine Besylate; Benazepril Hydrochloride,2
227,Amlodipine; Valsartan,4
22,Amoxicillin,13
107,Amoxicillin And Clavulanate Potassium,4
107,Amoxicillin; Clavulanate Potassium,4
22,Amoxil,13
49,Amphetamine,24
203,Amphetamine Aspartate; Amphetamine Sulfate; Dextroamphetamine Saccharate; Dextroamphetamine Sulfate,5
49,Amphetamine Sulfate,24
39,Amrix,1
8,Amturnide,9
186,Anastrozole,62
127,Androderm,37
127,Androgel,37
127,Android,37
201,Anestacon,20
7,Anexsia,4
58,Angeliq,90
230,Anoquan,2
46,Antara,30
187,Antitussive,12
26,Aplenzin,59
99,Apokyn,17
66,Apraclonidine Hydrochloride,7
9,Apresazide,45
119,Apresoline,2
9,Apresoline-Esidrix,45
173,Apriso,18
50,Aptensio Xr,30
105,Aqualax,551
54,Aranelle,8
212,Arestin,2
102,Aricept,19
186,Arimidex,62
113,Aripiprazole,94
113,Aristada,94
146,Aristocort,20
146,Aristogel,20
146,Aristospan,20
18,Armonair Respiclick,291
18,Arnuity Ellipta,291
79,Arthrotec,19
99,Arymo Er,17
173,Asacol,18
173,Asacol Hd,18
58,Ashlyna,90
109,Asmanex Hfa,93
109,Asmanex Twisthaler,93
271,Aspirin And Dipyridamole,14
271,Aspirin; Dipyridamole,14
246,Astagraf,120
198,Astelin,19
198,Astepro,19
99,Astramorph Pf,17
9,Atacand Hct,45
87,Atarax,2
274,Atelvia,45
16,Atenolol,8
31,Athrombin,34
48,Ativan,6
223,Atomoxetine Hydrochloride,29
4,Atorvastatin,140
4,Atorvastatin Calcium,140
108,Atridox,13
182,Atrovent,65
22,Augmentin,13
54,Aurovela,8
281,Auvi-Q,21
268,Avagard,27
9,Avalide,45
2,Avandamet,21
60,Avandaryl,40
199,Avapro,50
127,Aveed,37
283,Avelox,32
169,Aventyl,1
58,Avian,90
151,Aviane,6
99,Avinza,17
213,Avodart,76
127,Axiron,37
238,Aygestin,8
58,Ayuna,90
214,Azasan,7
15,Azasite,76
214,Azathioprine,7
198,Azelastine Hydrochloride,19
18,Azelastine Hydrochloride And Fluticasone Propionate,291
15,Azithromycin,76
146,Azmacort,20
8,Azor,9
237,Azulfidine,5
138,Baclofen,15
106,Bactrim,5
204,Bactroban,5
54,Balziva,8
230,Bancap,2
7,Bancap Hc,4
188,Barstatin 100,3
40,Basaglar,182
179,Beclomethasone,24
179,Beclovent,24
179,Beconase,24
172,Beepen-Vk,1
58,Bekyree,90
187,Beldin,12
187,Belix,12
187,Benadryl,12
95,Benazepril,11
159,Benicar,41
9,Benicar Hct,45
187,Benylin,12
162,Benzaclin,27
257,Benzamycin,38
49,Benzedrine,24
153,Benzonatate,4
158,Benztropine Mesylate,1
65,Berocca Pn,52
118,Berubigen,2
118,Betalin 12,2
29,Betapar,199
172,Betapen-Vk,1
210,Betimol,77
58,Beyaz,90
119,Bidil,2
202,Bimatoprost,122
84,Binosto,20
268,Bioscrub,27
105,Bisacodyl,551
131,Blephamide,62
54,Blisovi,8
210,Blocadren,77
275,Boniva,26
18,Breo Ellipta,291
54,Brevicon,8
268,Brian Care,27
54,Briellyn,8
154,Brimonidine Tartrate,31
210,Brimonidine Tartrate; Timolol Maleate,77
52,Brisdelle,61
257,Bristamycin,38
187,Bromanyl,12
281,Bronitin Mist,21
281,Bronkaid Mist,21
230,Bucet,2
164,Budesonide,171
76,Budesonide And Formoterol,47
76,Budesonide; Formoterol,47
26,Bupropion,59
89,Buspar,4
89,Buspirone Hydrochloride,4
230,Butalbital And Acetaminophen,2
230,"Butalbital, Acetaminophen",2
230,Butapap,2
280,Bydureon,110
280,Byetta,110
133,Bystolic,1
81,Byvalson,103
4,Caduet,140
114,Calan,8
235,Calcijex,12
235,Calcitriol,12
118,Calomist,2
105,Calube,551
9,Cam-Ap-Es,45
79,Cambia,19
238,Camila,8
173,Canasa,18
188,Candex,3
9,Capozide,45
264,Carafate,2
221,Carbamazepine,31
221,Carbatrol,31
196,Carbidopa And Levodopa,7
196,Carbidopa; Levodopa,7
196,Carbilev,7
61,Cardizem,3
139,Cardura,1
143,Carisoprodol,105
221,Carnexiv,31
61,Cartia Xt,3
28,Carvedilol,37
79,Cataflam,19
66,Catapres,7
232,Cefdinir,8
97,Celebrex,92
97,Celecoxib,92
19,Celexa,58
215,Cellcept,127
103,Cenestin,15
204,Centany,5
86,Cephalexin,6
148,Cerebyx,4
131,Cetapred,62
63,Cetirizine Hydrochloride,12
78,Cetraxal,39
268,Chg Scrub,27
268,Chloraprep,27
268,Chlorhexidine,27
131,Chloroptic-P S.O.P.,62
183,Chlorthalidone,21
273,Cialis,77
268,Cida-Stat,27
78,Ciloxan,39
78,Cipro,39
78,Ciprofloxacin,39
19,Citalopram,58
19,Citalopram Hydrobromide,58
281,Citanest Forte,21
70,Clarinex,61
70,Claritin,61
194,Clenz-Lyte,123
162,Cleocin,27
58,Climara,90
162,Clinda-Derm,27
162,Clindagel,27
162,Clindamycin,27
162,Clindesse,27
162,Clindets,27
166,Clobetasol Propionate,12
166,Clobex,12
37,Clonazepam,4
66,Clonidine,7
32,Clopidogrel Bisulfate,4
258,Clopra,11
66,Clorpres,7
118,Cobavite,2
56,Codoxy,33
158,Cogentin,1
7,Co-Gesic,4
105,Colace,551
105,Colace Micro-Enema,551
194,Co-Lav,123
234,Colbenemid,36
234,Colchicine,36
234,Colcrys,36
252,Colesevelam Hydrochloride,14
160,Colgate Total,27
194,Colovage,123
234,Col-Probenecid,36
194,Colyte,123
154,Combigan,31
58,Combipatch,90
66,Combipres,7
144,Combivent,21
56,Combunox,33
50,Concerta,30
254,Conjugated Estrogens/<U+00A0>Medroxyprogesterone,1
254,Conjugated Estrogens; Medroxyprogesterone Acetate,1
26,Contrave,59
23,Conzip,8
168,Cordarone,1
28,Coreg,37
276,Corgard,4
166,Cormax,12
105,Correctol Softgel Extra Gentle,551
131,Cortalone,62
29,Cortan,199
276,Corzide,4
210,Cosopt,77
106,Cotrim,5
31,Coumadin,34
114,Covera-Hs,8
13,Cozaar,30
27,Crestor,14
224,Crinone,30
58,Cryselle,90
257,C-Solve-2,38
209,Curretab,7
18,Cutivate,291
118,Cyanocobalamin,2
54,Cyclafem,8
58,Cyclessa,90
39,Cyclobenzaprine Hydrochloride,1
236,Cyclosporine,144
209,Cycrin,7
51,Cymbalta,129
54,Cyonanz,8
177,Dabigatran Etexilate Mesylate,8
54,Dasetta,8
58,Daysee,90
50,Daytrana,30
105,Dc-240,551
224,Delalutin,30
127,Delatestryl,37
120,Delaxin,1
49,Delcobese,24
58,Delestrogen,90
131,Delta-Cortef,62
29,Delta-Dome,199
65,Deltalin,52
29,Deltasone,199
173,Delzicol,18
249,Demadex,4
183,Demi-Regroton,21
58,Demulen,90
201,Dentipatch,20
96,Depakote,30
118,Depinar,2
99,Depodur,17
131,Depo-Medrol,62
209,Depo-Provera,7
209,Depo-Subq Provera 104,7
58,Depo-Testadiol,90
127,Depo-Testosterone,37
70,Desloratadine,61
58,Desogen,90
90,Desogestrel And Ethinyl Estradiol,2
90,Desogestrel; Ethinyl,2
90,Desogestrel; Ethinyl Estradiol,2
279,Desonate,171
279,Desonide,171
279,Desowen,171
49,Desoxyn,24
189,Desvenlafaxine,45
25,Desyrel,3
243,Detrol,33
49,Dexampex,24
49,Dexedrine,24
134,Dexilant,91
229,Dexlansoprazole,48
50,Dexmethylphenidate Hydrochloride,30
203,"Dextroamp Saccharate, Amp Aspartate, Dextroamp Sulfate And Amp Sulfate",5
203,"Dextroamp Saccharate,Amp Aspartate,Dextroamp Sulfate And Amp Sulfate",5
49,Dextroamphetamine Sulfate,24
49,Dextrostat,24
115,Diabeta,10
105,Dialose,551
80,Diastat,5
80,Diazepam,5
187,Dibenil,12
79,Diclofenac,19
118,Dicopac Kit,2
163,Diflucan,35
121,Digoxin,19
61,Dilacor Xr,3
148,Dilantin,4
251,Dilaudid,5
61,Dilt-Cd,3
61,Diltiazem Hydrochloride,3
61,Diltzac,3
105,Diocto,551
105,Dioctocal,551
105,Dioctosoftez,551
105,Dioctyl Sulfosuccinate,551
105,Dioctyn,551
105,Dionex,551
81,Diovan,103
9,Diovan Hct,45
187,Diphen,12
187,Diphenhydramine Hydrochloride,12
148,Diphenylan Sodium,4
22,Dispermox,13
58,Ditate-Ds,90
101,Ditropan,12
96,Divalproex Sodium,30
58,Divigel,90
80,Dizac,5
105,Doc-Q-Lace,551
105,Docu Soft,551
105,Docucal,551
105,Doculax,551
105,Docusate,551
105,Docusoft S,551
118,Dodex,2
105,Dok,551
102,Donepezil Hydrochloride,19
108,Doryx,13
269,Dorzolamide Hydrochloride And Timolol Maleate,7
269,Dorzolamide Hydrochloride; Timolol Maleate,7
105,Dos,551
105,Doss-Relief,551
139,Doxazosin Mesylate,1
256,Doxepin Hydrochloride,3
108,Doxy,13
108,Doxycycline,13
119,Dralserp,2
119,Dralzine,2
65,Drisdol,52
147,Drospirenone And Ethinyl Estradiol,38
147,"Drospirenone, Ethinyl Estradiol And Levomefolate Calcium",38
147,Drospirenone; Ethinyl Estradiol,38
105,Dss,551
162,Duac,27
103,Duavee,15
60,Duetact,40
117,Duexis,14
109,Dulera,93
51,Duloxetine,129
201,Duocaine,20
10,Duoneb,42
196,Duopa,7
66,Duraclon,7
7,Duradyne Dhc,4
190,Duragesic,19
99,Duramorph Pf,17
281,Duranest,21
213,Dutasteride,76
5,Dutoprol,27
49,Dyanavel Xr,24
9,Dyazide,45
79,Dyloject,19
18,Dymista,291
212,Dynacin,2
268,Dyna-Hex,27
257,E.E.S.,38
257,E-Base,38
131,Econopred,62
183,Edarbyclor,21
35,Edluar,4
43,Effexor,10
257,E-Glades,38
71,Elavil,3
58,Elestrin,90
58,Elifemme,90
58,Elinest,90
109,Elocon,93
99,Embeda,17
166,Embeline,12
201,Embolex,20
257,Emgel,38
201,Emla,20
58,Emoquette,90
257,E-Mycin,38
83,Enalapril Maleate,3
247,Enbrel,81
71,Endep,3
224,Endometrin,30
103,Enjuvia,15
260,Enoxaparin Sodium,13
58,Enpresse,90
58,Enskyce,90
279,Entocort Ec,171
81,Entresto,103
246,Envarsus,120
83,Epaned,3
281,Epi E Z Pen Jr,21
281,Epinephrine,21
281,Epipen,21
221,Epitol,31
221,Equetro,31
247,Erelzi,81
238,Errin,8
257,Eryc,38
257,Erycette,38
257,Eryderm,38
257,Erygel,38
257,Erymax,38
257,Erypar,38
257,Eryped,38
257,Ery-Tab,38
257,Erythra-Derm,38
257,Erythrocin,38
257,Erythromycin,38
257,Erythro-Statin,38
257,Eryzole,38
19,Escitalopram,58
19,Escitalopram Oxalate,58
58,Esclim,90
230,Esgic,2
230,Esgic-Plus,2
9,Esidrix,45
9,Esimil,45
157,Eskalith,29
257,E-Solve 2,38
6,Esomeprazole,143
58,Estarylla,90
58,Estinyl,90
58,Estrace,90
58,Estraderm,90
58,Estradiol,90
238,Estradiol And Norethindrone Acetate,8
58,Estradurin,90
58,Estrasorb,90
58,Estring,90
58,Estrogel,90
103,"Estrogens, Conjugated",15
54,Estrostep,8
219,Eszopiclone,37
247,Etanercept,81
151,Ethinyl Estradiol And Levonorgestrel,6
42,Ethinyl Estradiol And Norgestimate,9
225,Ethinyl Estradiol; Etonogestrel,3
151,Ethinyl Estradiol; Levonorgestrel,6
54,Ethinyl Estradiol; Norethindrone,8
42,Ethinyl Estradiol; Norgestimate,9
257,Ethril,38
277,Etodolac,12
71,Etrafon,3
58,Evamist,90
49,Evekeo,24
231,Evista,3
162,Evoclin,27
251,Exalgo,5
280,Exenatide,110
8,Exforge,9
9,Exforge Hct,45
268,Exidine,27
148,Extended Phenytoin Sodium,4
206,Extina,19
17,Exubera,16
268,E-Z Scrub,27
194,E-Z-Em Prep Lyte,123
82,Ezetimibe,148
4,Ezetimibe And Atorvastatin Calcium,140
171,Ezetimibe And Simvastatin,6
171,Ezetimibe; Simvastatin,6
58,Falmina,90
117,Famotidine,14
161,Fastin,14
58,Fayosim,90
288,Felodipine,9
285,Femara,50
230,Femcet,2
54,Femcon Fe,8
54,Femhrt,8
58,Feminone,90
58,Fempatch,90
58,Femring,90
58,Femtrace,90
46,Fenofibrate,30
46,Fenofibric Acid,30
46,Fenoglide,30
190,Fentanyl,19
190,Fentora,19
49,Ferndex,24
131,Fernisolone-P,62
29,Fernisone,199
93,Ferrous Sulfate,10
284,Fetzima,4
98,Finasteride,7
230,Fioricet W/ Codeine,2
191,Flagyl,9
79,Flector,19
105,Fleet Sof-Lax,551
39,Flexeril,1
47,Flomax,13
18,Flonase,291
131,Flo-Pred,62
18,Flovent,291
174,Flowtuss,6
270,Floxin,44
163,Fluconazole,35
255,Fluocinonide,3
160,Fluorine,27
30,Fluoxetine,30
146,Flutex,20
18,Fluticasone,291
44,Fluticasone Propionate And Salmeterol Xinafoate,16
44,Fluticasone Propionate; Salmeterol Xinafoate,16
117,Fluxid,14
50,Focalin,30
193,Folex,248
72,Folic Acid,14
72,Folicet,14
72,Folvite,14
72,Folvron,14
120,Forbaxin,1
26,Forfivo Xl,59
76,Formoterol And Budesonide,47
240,Formoterol Fumarate; Mometasone Furoate,1
2,Fortamet,21
127,Fortesta,37
84,Fosamax,20
267,Fosinopril Sodium,2
148,Fosphenytoin Sodium,4
208,Furadantin,6
208,Furalan,6
14,Furosemide,8
54,Fyavolv,8
11,Gabapentin,38
138,Gablofen,15
101,Gelnique,12
140,Gemfibrozil,42
105,Genasoft,551
54,Gencept,8
236,Gengraf,144
272,Geodon,73
54,Gildagia,8
54,Gildess,8
60,Glimepiride,40
38,Glipizide,11
2,Glucophage,21
38,Glucotrol,11
2,Glucovance,21
2,Glumetza,21
115,Glyburide,10
220,Glyburide And Metformin Hydrochloride,3
220,Glyburide; Metformin Hydrochloride,3
194,Glycolax,123
194,Glycoprep,123
201,Glydo,20
115,Glynase,10
287,Glyxambi,131
194,Go-Evac,123
194,Golytely,123
135,Gonitro,9
11,Gralise,38
174,Guaifenesin,6
216,Guanfacine,20
58,Gynodiol,90
9,H.R.-50,45
286,Haldol,5
194,Halflytely,123
286,Haloperidol,5
238,Heather,8
191,Helidac,9
77,Hemangeol,4
268,Hibiclens,27
268,Hibistat,27
11,Horizant,38
130,Humalog,78
233,Humira,138
17,Humulin,16
174,Hycofenix,6
131,Hydeltrasol,62
131,Hydeltra-Tba,62
119,Hydralazine Hydrochloride,2
187,Hydramine,12
9,Hydrap-Es,45
9,Hydra-Zide,45
9,Hydrochlorothiazide,45
33,Hydrochlorothiazide And Lisinopril,4
33,Hydrochlorothiazide; Lisinopril,4
55,Hydrochlorothiazide; Losartan Potassium,2
250,Hydrochlorothiazide; Olmesartan Medoxomil,4
116,Hydrochlorothiazide; Valsartan,2
7,Hydrocodone Bitartrate And Acetaminophen,4
9,Hydro-D,45
9,Hydrodiuril,45
251,Hydromorphone Hydrochloride,5
9,Hydropres,45
9,Hydro-Reserp,45
9,Hydro-Ride,45
9,Hydro-Serp,45
9,Hydroserpine Plus (R-H-H),45
124,Hydroxychloroquine Sulfate,2
87,Hydroxyzine,2
183,Hygroton,21
87,Hy-Pam,2
7,Hy-Phen,4
141,Hytrin,2
9,Hyzaar,45
275,Ibandronate Sodium,26
257,Ilosone,38
257,Ilotycin,38
91,Imdur,21
128,Imitrex,39
214,Imuran,7
238,Incassia,8
77,Inderal,4
9,Inderide,45
245,Indocin,10
245,Indo-Lemmon,10
245,Indomethacin,10
131,Inflamase Forte,62
131,Inflamase Mild,62
99,Infumorph,17
118,Infuvite,2
72,Infuvite Adult,14
72,Infuvite Pediatric,14
58,Innofem,90
77,Innopran Xl,4
190,Innovar,19
17,Insulatard Nph Human,16
75,Insulin Aspart,381
137,Insulin Detemir,136
40,Insulin Glargine,182
17,Insulin Human,16
130,Insulin Lispro,78
35,Intermezzo,4
58,Introvale,90
216,Intuniv,20
2,Invokamet,21
161,Ionamin,14
190,Ionsys,19
201,Iontocaine,20
66,Iopidine,7
182,Ipratropium,65
129,Iquix,26
199,Irbesartan,50
58,Isibloom,90
91,Ismo,21
114,Isoptin,8
131,Isopto Cetapred,62
91,Isosorbide Mononitrate,21
210,Istalol,77
208,Ivadantin,6
167,Izba,100
47,Jalyn,13
31,Jantoven,34
2,Janumet,21
100,Januvia,49
238,Jencycla,8
66,Jenloga,7
2,Jentadueto,21
58,Junel,90
3,Juvisync,134
99,Kadian,17
54,Kaitlib Fe,8
58,Kalliga,90
66,Kapvay,7
58,Kariva,90
105,Kasof,551
2,Kazano,21
86,Keflet,6
86,Keflex,6
86,Keftab,6
58,Kelnor,90
138,Kemstro,15
146,Kenacort,20
146,Kenalog,20
123,Keppra,77
183,Kerledex,21
206,Ketoconazole,19
253,Ketorolac Tromethamine,17
206,Ketozole,19
189,Khedezla,45
58,Kimidess,90
285,Kisqali Femara,50
37,Klonopin,4
2,Kombiglyze Xr,21
188,Korostatin,3
58,Kurvelo,90
205,Labetalol,3
62,Lamictal,68
62,Lamotrigine,68
201,Lanabiotic,20
121,Lanoxicaps,19
121,Lanoxin,19
134,Lansoprazole,91
40,Lantus,182
54,Larin,8
22,Larotid,13
201,Laryng-O-Jet Kit,20
201,Laryngotracheal Anesthesia Kit,20
14,Lasix,8
88,Latanoprost,41
202,Latisse,122
278,Latuda,1
105,Laxa-Basic,551
194,Lax-Lyte With Flavor Packs,123
190,Lazanda,19
172,Ledercillin Vk,1
54,Leribane,8
58,Lessina,90
285,Letrozole,50
241,Levalbuterol,29
10,Levalbuterol Hydrochloride,42
129,Levaquin,26
137,Levemir,136
123,Levetiracetam,77
58,Levlite,90
63,Levocetirizine Dihydrochloride,12
129,Levofloxacin,26
1,Levolet,8
58,Levonest,90
151,Levonorgestrel And Ethinyl Estradiol,6
151,Levonorgestrel And Ethinyl Estradiol And Ethinyl Estradiol,6
281,Levophed,21
58,Levora,90
1,Levo-T,8
1,Levothroid,8
1,Levothyroxine,8
1,Levoxyl,8
19,Lexapro,58
83,Lexxel,3
173,Lialda,18
255,Lidex,3
201,Lidocaine,20
201,Lidocaton,20
201,Lidoderm,20
201,Lidopen,20
201,Lidosite Topical System Kit,20
281,Lignospan,21
201,Lignospan Forte,20
201,Lignospan Standard,20
71,Limbitrol,3
287,Linagliptin,131
138,Lioresal,15
46,Lipidil,30
4,Lipitor,140
46,Lipofen,30
4,Liptruzet,140
29,Liquid Pred,199
184,Liraglutide,208
85,Lisdexamfetamine Dimesylate,46
0,Lisinopril,14
33,Lisinopril And Hydrochlorothiazide,4
157,Lithane,29
157,Lithium,29
157,Lithobid,29
157,Lithonate,29
157,Lithotabs,29
54,Lo Larin Fe,8
54,Lo Loestrin Fe,8
54,Lo Minastrin Fe,8
58,Lo Simpesse,90
58,Lo/Ovral,90
58,Lo-Blisovi Fe,90
277,Lodine,12
54,Loestrin,8
161,Lomaira,14
140,Lopid,42
5,Lopressidone,27
5,Lopressor,27
9,Lopressor Hct,45
57,Lopurin,19
70,Loratadine,61
48,Loraz,6
48,Lorazepam,6
7,Lorcet-Hd,4
7,Lortab,4
58,Loryna,90
13,Losartan Potassium,30
55,Losartan Potassium And Hydrochlorothiazide,2
58,Loseasonique,90
95,Lotensin,11
9,Lotensin Hct,45
8,Lotrel,9
59,Lovastatin,6
132,Lovaza,34
260,Lovenox,13
58,Low-Ogestrel,90
201,Lta Ii Kit,20
202,Lumigan,122
58,Lunelle,90
219,Lunesta,37
238,Lupaneta Pack,8
278,Lurasidone Hydrochloride,1
58,Lybrel,90
58,Lynoral,90
67,Lyrica,253
118,M.V.I.,2
65,M.V.I. Adult,52
65,M.V.I. Pediatric,52
65,M.V.I.-12,52
208,Macrobid,6
208,Macrodantin,6
224,Makena,30
58,Marlissa,90
258,Maxolon,11
9,Maxzide,45
230,Medigesic Plus,2
281,Medihaler-Epi,21
131,Medrol,62
131,Medrol Acetate,62
209,Medroxyprogesterone Acetate,7
58,Melamisa,90
36,Meloxicam,49
170,Memantine Hydrochloride,7
58,Menostar,90
142,Mepergan,2
173,Mesalamine,18
148,Mesantoin,4
50,Metadate Cd,30
50,Metadate Er,30
2,Metaglip,21
127,Metandren,37
282,Metaxalone,1
2,Metformin Hydrochloride,21
178,Metformin Hydrochloride And Sitagliptin Phosphate,1
178,Metformin Hydrochloride; Sitagliptin Phosphate,1
49,Methampex,24
239,Methimazole,3
120,Methocarbamol,1
193,Methotrexate,248
9,Methyldopa And Hydrochlorothiazide,45
50,Methylin,30
50,Methylphenidate,30
131,Methylprednisolone,62
127,Methyltestosterone,37
131,Meticortelone,62
29,Meticorten,199
131,Meti-Derm,62
131,Metimyd,62
258,Metoclopramide Hydrochloride,11
5,Metoprolol,27
258,Metozolv,11
131,Metreton,62
191,Metro I.V.,9
191,Metrocream,9
191,Metrogel,9
191,Metrolotion,9
191,Metromidol,9
191,Metronidazole,9
59,Mevacor,6
193,Mexate,248
54,Mibelas 24 Fe,8
9,Micardis Hct,45
268,Microderm,27
54,Microgestin,8
115,Micronase,10
238,Micronor,8
9,Microzide,45
42,Mili,9
284,Milnacipran Hydrochloride,4
103,Milprem,15
54,Minastrin 24 Fe,8
135,Minitran,9
58,Minivelle,90
212,Minocin,2
212,Minocycline Hydrochloride,2
212,Minolira,2
194,Miralax,123
197,Mirapex,8
58,Mircette,90
110,Mirtazapine,8
154,Mirvaso,31
234,Mitigare,36
17,Mixtard Human 70/30,16
36,Mobic,49
105,Modane Soft,551
54,Modicon,8
9,Moduretic 5-50,45
109,Mometasone,93
108,Monodox,13
91,Monoket,21
42,Mono-Linyah,9
9,Monopril-Hct,45
24,Montelukast,113
99,Morphabond Er,17
99,Morphine,17
194,Moviprep,123
22,Moxatag,13
283,Moxeza,32
283,Moxifloxacin Hydrochloride,32
131,M-Predrol,62
99,Ms Contin,17
174,Mucinex,6
204,Mupirocin,5
65,Mvc Plus,52
146,Mycolog-Ii,20
215,Mycophenolate Mofetil,127
188,Mycostatin,3
146,Myco-Triacet Ii,20
49,Mydayis,24
146,Mykacet,20
188,Mykinac,3
142,Mymethazine Fortis,2
146,Mytrex A,20
146,Mytrex F,20
58,Myzilra,90
54,N.E.E.,8
211,Nabumetone,4
276,Nadolol,4
170,Namenda,7
102,Namzaric,19
146,Nasacort,20
118,Nascobal,2
109,Nasonex,93
58,Natazia,90
127,Natesto,37
176,Natpara,11
133,Nebivolol Hydrochloride,1
131,Neo-Delta-Cortef,62
131,Neo-Hydeltrasol,62
131,Neo-Medrol,62
236,Neoral,144
11,Neurontin,38
54,Nexesta Fe,8
6,Nexium,143
168,Nexterone,1
104,Nifedipine,38
58,Nikki,90
188,Nilstat,3
21,Niravam,28
135,Nitro Iv,9
135,Nitro-Bid,9
135,Nitro-Dur,9
208,Nitrofurantoin,6
135,Nitroglycerin,9
135,Nitrol,9
135,Nitrolingual,9
135,Nitromist,9
135,Nitronal,9
135,Nitrostat,9
206,Nizoral,19
222,Nolvadex,54
54,Norcept,8
7,Norcet,4
7,Norco,4
58,Nordette,90
281,Norepinephrine Bitartrate,21
54,Norethin,8
238,Norethindrone,8
54,Norethindrone Acetate And Ethinyl Estradiol,8
54,Norethindrone And Ethinyl Estradiol,8
42,Norgestimate And Ethinyl Estradiol,9
54,Norinyl,8
191,Noritate,9
54,Norlestrin,8
238,Norlutate,8
238,Norlutin,8
205,Normodyne,3
9,Normozide,45
238,Nor-Qd,8
54,Norquest Fe,8
54,Nortrel,8
169,Nortriptyline Hydrochloride,1
8,Norvasc,9
17,Novolin,16
75,Novolog,381
1,Novothyrox,8
194,Nulytely,123
58,Nuvaring,90
191,Nuvessa,9
54,Nylia,8
188,Nysert,3
188,Nystaform,3
188,Nystatin,3
188,Nystex,3
188,Nystop,3
161,Obestin-30,14
174,Obredon,6
161,Oby-Trim,14
194,Ocl,123
201,Octocaine,20
105,Octycine-100,551
270,Ocuflox,44
270,Ofloxacin,44
58,Ogestrel,90
228,Olanzapine,88
25,Oleptro,3
159,Olmesartan Medoxomil,41
250,Olmesartan Medoxomil And Hydrochlorothiazide,4
8,"Olmesartan Medoxomil, Amlodipine And Hydrochlorothiazide",9
262,Olopatadine Hydrochloride,21
166,Olux,12
132,Omega-3-acid Ethyl Esters,34
6,Omeprazole,143
253,Omidria,17
232,Omnicef,8
131,Omnipred,62
132,Omtryg,34
161,Ona-Mast,14
111,Ondansetron,40
162,Onexton,27
190,Onsolis,19
128,Onzetra Xsail,39
198,Optivar,19
281,Orabloc,21
108,Oracea,13
146,Oralone,20
99,Oramorph Sr,17
131,Orapred,62
201,Oraqix,20
29,Orasone,199
9,Oretic,45
127,Oreton,37
87,Orgatrax,2
58,Orsythia,90
42,Ortho Cyclen,9
58,Ortho Evra,90
58,Ortho Tri-Cyclen,90
58,Ortho-Cept,90
54,Ortho-Novum,8
207,Oseltamivir Phosphate,9
112,Oseni,82
78,Otiprio,39
78,Otovel,39
193,Otrexup,248
54,Ovcon,8
58,Ovral,90
56,Oxaydo,33
152,Oxcarbazepine,5
152,Oxtellar Xr,5
101,Oxybutynin,12
56,Oxycet,33
56,Oxycodone,33
56,Oxycontin,33
101,Oxytrol,12
168,Pacerone,1
251,Palladone,5
169,Pamelor,1
86,Panixine Disperdose,6
34,Pantoprazole Sodium,4
31,Panwarfin,34
29,Paracort,199
196,Parcopa,7
49,Paredrine,24
49,Paremyd,24
268,Paroex,27
52,Paroxetine,61
262,Pataday,21
262,Patanase,21
262,Patanol,21
52,Paxil,61
262,Pazeo,21
257,Pce,38
105,Pedia-Lax,551
257,Pediamycin,38
131,Pediapred,62
201,Pediatric Lta Kit,20
257,Pediazole,38
194,Peg 3350,123
194,Peg-Lyte,123
172,Penapar-Vk,1
172,Penicillin V,1
172,Penicillin V Potassium,1
172,Penicillin-Vk,1
79,Pennsaid,19
173,Pentasa,18
172,Pen-Vee K,1
117,Pepcid,14
56,Percocet,33
56,Percodan,33
268,Peridex,27
268,Periochip,27
268,Periogard,27
108,Periostat,13
52,Pexeva,61
257,Pfizer-E,38
172,Pfizerpen Vk,1
268,Pharmaseal Scrub Care,27
142,Phenergan,2
161,Phentermine,14
148,Phenytek,4
148,Phenytex,4
148,Phenytoin,4
142,Pherazine,2
54,Philith,8
230,Phrenilin,2
58,Pimtrea,90
112,Pioglitazone,82
112,Pioglitazone Hydrochloride,82
54,Pirmella,8
124,Plaquenil,2
32,Plavix,4
288,Plendil,9
201,Pliaglis,20
103,Pmb,15
194,Polyethylene Glycol 3350,123
22,Polymox,13
131,Poly-Pred,62
151,Portia,6
58,Portia-2,90
177,Pradaxa,8
197,Pramipexole Dihydrochloride,8
2,Prandimet,21
20,Pravachol,5
20,Pravastatin Sodium,5
20,Pravigard Pac,5
131,Pred Forte,62
131,Pred Mild,62
131,Predair,62
131,Predamide,62
131,Pred-G,62
29,Prednicen-M,199
131,Prednisolone,62
29,Prednisone,199
131,Predsulfair,62
105,Preferred Plus Pharmacy Stool Softener,551
58,Prefest,90
67,Pregabalin,253
131,Prelone,62
103,Premarin,15
103,Premphase,15
103,Prempro,15
161,Pre-Sate,14
8,Prestalia,9
268,Prevacare R,27
134,Prevacid,91
268,Prevantics,27
58,Preven Emergency Contraceptive Kit,90
42,Previfem,9
22,Prevpac,13
6,Prilosec,143
281,Primatene Mist,21
0,Prinivil,14
0,Prinzide,14
189,Pristiq,45
10,Proair Hfa,42
10,Proair Respiclick,42
234,Proben-C,36
104,Procardia,38
224,Progestasert,30
224,Progesterone,30
246,Prograf,120
142,Prometh,2
142,Promethazine Hydrochloride,2
224,Prometrium,30
244,Propafenone,4
98,Propecia,7
77,Propranolol Hydrochloride,4
78,Proquin Xr,39
98,Proscar,7
34,Protonix,4
246,Protopic,120
191,Protostat,9
10,Proventil,42
209,Provera,7
30,Prozac,30
30,Prozac Weekly,30
164,Pulmicort,171
191,Pylera,9
0,Qbrelis,14
179,Qnasl,24
154,Qoliana,31
80,Q-Pam,5
73,Qsymia,57
58,Quartette,90
58,Quasense,90
73,Qudexy Xr,57
64,Quetiapine Fumarate,83
50,Quillichew Er,30
50,Quillivant Xr,30
180,Quinapril,8
9,Quinaretic,45
129,Quixin,26
179,Qvar,24
231,Raloxifene Hydrochloride,3
92,Ramipril,19
261,Ranexa,50
45,Ranitidine,5
261,Ranolazine,50
193,Rasuvo,248
29,Rayos,199
135,Rectiv,9
118,Redisol,2
258,Reglan,11
183,Regroton,21
105,Regulax Ss,551
143,Rela,105
211,Relafen,4
110,Remeron,8
142,Remsed,2
145,Requip,6
119,"Reserpine, Hydralazine Hydrochloride And Hydrochlorothiazide",2
236,Restasis,144
136,Restoril,2
192,Revatio,119
164,Rhinocort,171
2,Riomet,21
274,Risedronate,45
122,Risperdal,41
122,Risperidone,41
50,Ritalin,30
165,Rivaroxaban,160
120,Robaxin,1
120,Robaxisal,1
257,Robimycin,38
235,Rocaltrol,12
201,Rocephin Kit,20
145,Ropinirole Hydrochloride,6
27,Rosuvastatin Calcium,14
173,Rowasa,18
123,Roweepra,77
56,Roxicet,33
56,Roxicodone,33
56,Roxilox,33
56,Roxiprin,33
56,Roxybond,33
257,R-P Mycin,38
118,Rubivite,2
118,Rubramin Pc,2
118,Rubratope,2
118,Ruvite,2
23,Rybix Odt,8
196,Rytary,7
244,Rythmol,4
75,Ryzodeg,381
23,Ryzolt,8
237,S.A.S.-500,5
58,Safyral,90
44,Salmeterol Xinafoate And Fluticasone Propionate,16
236,Sandimmune,144
257,Sansac,38
30,Sarafem,30
191,Satric,9
284,Savella,4
184,Saxenda,208
58,Seasonale,90
58,Seasonique,90
230,Sedapap,2
30,Selfemra,30
281,Sensorcaine,21
281,Septocaine,21
106,Septra,5
9,Ser-A-Gen,45
9,Ser-Ap-Es,45
64,Seroquel,83
119,Serpasil-Apresoline,2
9,Serpasil-Esidrix,45
12,Sertraline Hydrochloride,10
29,Servisone,199
58,Setlakin,90
173,Sfrowasa,18
192,Sildenafil,119
256,Silenor,3
187,Silphen,12
154,Simbrinza,31
58,Simpesse,90
3,Simvastatin,134
196,Sinemet,7
256,Sinequan,3
24,Singulair,113
100,Sitagliptin Phosphate,49
149,Sitavig,23
282,Skelaxin,1
160,Sodium Fluoride,27
79,Solaraze,19
242,Solifenacin Succinate,26
40,Soliqua 100/33,182
212,Solodyn,2
222,Soltamox,54
131,Solu-Medrol,62
143,Soma,105
68,Spiriva,263
74,Spironolactone,11
42,Sprintec,9
123,Spritam,77
253,Sprix,17
196,Stalevo,7
257,Staticin,38
131,Sterane,62
268,Steri-Stat,27
68,Stiolto,263
223,Strattera,29
127,Striant,37
190,Sublimaze Preservative Free,19
190,Subsys,19
194,Suclear,123
264,Sucralfate,2
105,Sulfalax Calcium,551
106,Sulfamethoprim,5
106,Sulfamethoxazole And Trimethoprim,5
106,Sulfamethoxazole; Trimethoprim,5
237,Sulfasalazine,5
106,Sulfatrim,5
106,Sulmeprim,5
131,Sulphrin,62
131,Sulster,62
128,Sumatriptan,39
128,Sumavel Dosepro,39
161,Suprenza,14
105,Surfak Stool Softener,551
105,Sur-Q-Lax,551
281,Sus-Phrine Sulfite Free,21
58,Syeda,90
76,Symbicort,47
30,Symbyax,30
281,Symjepi,21
201,Synera,20
2,Synjardy,21
103,Synthetic Conjugated Estrogens A,15
1,Synthroid,8
246,Tacrolimus,120
273,Tadalafil,77
207,Tamiflu,9
222,Tamoxifen Citrate,54
47,Tamsulosin Hydrochloride,13
239,Tapazole,3
56,Targiniq,33
114,Tarka,8
54,Taytulla,8
61,Taztia Xt,3
83,Teczem,3
221,Tegretol,31
8,Tekamlo,9
9,Tekturna Hct,45
8,Telmisartan And Amlodipine,9
136,Temaz,2
136,Temazepam,2
166,Temovate,12
230,Tencon,2
216,Tenex,20
16,Tenoretic,8
16,Tenormin,8
141,Terazosin,2
221,Teril,31
201,Terramycin,20
153,Tessalon,4
127,Testim,37
127,Testoderm,37
127,Testopel,37
127,Testosterone,37
127,Testred,37
9,Teveten Hct,45
183,Thalitone,21
105,Therevac-Sb,551
176,Thyroid,11
61,Tiazac,3
9,Timolide 10-25,45
210,Timolol,77
210,Timoptic,77
68,Tiotropium,263
1,Tirosint,8
245,Tivorbex,10
94,Tizanidine,5
243,Tolterodine,33
73,Topamax,57
73,Topiramate,57
5,Toprol-Xl,27
161,Tora,14
253,Toradol,17
249,Torsemide,4
40,Toujeo Solostar,182
35,Tovalt Odt,4
287,Tradjenta,131
23,Tramadol Hydrochloride,8
267,Tramadol Hydrochloride And Acetaminophen,2
205,Trandate,3
9,Trandate Hct,45
135,Transderm-Nitro,9
167,Travatan,100
167,Travoprost,100
25,Trazodone Hydrochloride,3
193,Trexall,248
128,Treximet,39
42,Tri Lo Sprintec,9
146,Triacet,20
146,Triacort,20
230,Triad,2
25,Trialodine,3
146,Triamcinolone,20
230,Triaprin,2
146,Triatex,20
71,Triavil,3
8,Tribenzor,9
46,Tricor,30
146,Triderm,20
279,Tridesilon,171
135,Tridil,9
146,Triesence,20
42,Tri-Estarylla,9
46,Triglide,30
58,Tri-Legest,90
54,Tri-Legest Fe,8
152,Trileptal,5
42,Tri-Linyah,9
46,Trilipix,30
42,Tri-Lo-Estarylla,9
58,Tri-Lo-Linyah,90
42,Tri-Lo-Mili,9
194,Trilyte,123
106,Trimeth/Sulfa,5
42,Tri-Mili,9
22,Trimox,13
54,Tri-Norinyl,8
58,Triphasil,90
42,Tri-Previfem,9
42,Tri-Sprintec,9
45,Tritec,5
146,Trivaris,20
151,Trivora,6
58,Trivora-21,90
58,Trivora-28,90
73,Trokendi Xr,57
270,Trovan Preservative Free,44
56,Troxyca Er,33
146,Trymex,20
257,T-Stat,38
281,Twinject,21
8,Twynsta,9
7,Tycolet,4
56,Tylox,33
164,Uceris,171
23,Ultracet,8
23,Ultram,8
9,Unipres,45
9,Uniretic,45
1,Unithroid,8
106,Uroplus Ds,5
106,Uroplus Ss,5
172,Uticillin Vk,1
22,Utimox,13
58,Vagifem,90
181,Valacyclovir,13
149,Valacyclovir Hydrochloride,23
80,Valium,5
80,Valrelease,5
81,Valsartan,103
116,Valsartan And Hydrochlorothiazide,2
149,Valtrex,23
81,Valturna,103
179,Vancenase,24
179,Vanceril,24
191,Vandazole,9
255,Vanos,3
9,Vaseretic,45
131,Vasocidin,62
83,Vasotec,3
172,V-Cillin,1
235,Vectical,12
172,Veetids,1
58,Velivet,90
17,Velosulin Br,16
162,Veltin,27
43,Venlafaxine Hydrochloride,10
10,Ventolin,42
114,Verapamil,8
114,Verapamil Hydrochloride,8
279,Verdeso,171
114,Verelan,8
242,Vesicare,26
192,Viagra,119
118,Vibisone,2
108,Vibramycin,13
108,Vibra-Tabs,13
187,Vicks Formula 44,12
7,Vicodin,4
184,Victoza,208
58,Vienva,90
283,Vigamox,32
259,Viibryd,2
259,Vilazodone Hydrochloride,2
6,Vimovo,143
58,Viorele,90
127,Virilon,37
9,Viskazide,45
87,Vistaril,2
65,Vitamin D,52
65,Vitaped,52
118,Vi-Twel,2
58,Vivelle,90
36,Vivlodex,49
127,Vogelxo,37
10,Volmax,42
58,Volnea,90
79,Voltaren,19
10,Vospire Er,42
54,Vyfemla,8
3,Vytorin,134
85,Vyvanse,46
31,Warfarin,34
252,Welchol,14
26,Wellbutrin,59
54,Wera,8
161,Wilpo,14
161,Wyamine Sulfate,14
257,Wyamycin E,38
257,Wyamycin S,38
22,Wymox,13
88,Xalatan,41
21,Xanax,28
165,Xarelto,160
56,Xartemis Xr,33
193,Xatmep,248
149,Xerese,23
2,Xigduo Xr,21
212,Ximino,2
206,Xolegel,19
10,Xopenex,42
56,Xtampza Er,33
58,Xulane,90
184,Xultophy,208
201,Xylocaine,20
108,Xyrosa,13
63,Xyzal,12
58,Yaela,90
58,Yasmin,90
58,Yaz,90
6,Yosprala,143
94,Zanaflex,5
45,Zantac,5
128,Zecuity,39
6,Zegerid,143
128,Zembrace Symtouch,39
108,Zenavod,13
63,Zerviate,12
0,Zestoretic,14
0,Zestril,14
82,Zetia,148
9,Ziac,45
162,Ziana,27
9,Zide,45
201,Zingo,20
142,Zipan,2
272,Ziprasidone,73
79,Zipsor,19
15,Zithromax,76
15,Zmax,76
3,Zocor,134
111,Zofran,40
12,Zoloft,10
35,Zolpidem Tartrate,4
35,Zolpimist,4
256,Zonalon,3
79,Zorvolex,19
58,Zovia,90
149,Zovirax,23
111,Zuplenz,40
26,Zyban,59
7,Zydone,4
7,Zyfrel,4
57,Zyloprim,19
228,Zyprexa,88
63,Zyrtec,12
